time,name,value
0,u1,-334.6671
0,i1,3.6944480000000004
0,u2,0
0,i2,0
0,u3,0.495006
0,i3,0.48951436000000004
0.15625,u1,-334.537968
0.15625,i1,3.6944480000000004
0.15625,u2,0
0.15625,i2,0
0.15625,u3,2.47503
0.15625,i3,0.38791704000000005
0.3125,u1,-334.322748
0.3125,i1,0.46180600000000005
0.3125,u2,0
0.3125,i2,0
0.3125,u3,4.713318
0.3125,i3,-0.9005217000000001
0.46875,u1,-333.67708799999997
0.46875,i1,1.8472240000000002
0.46875,u2,0
0.46875,i2,0
0.46875,u3,-10.804044
0.46875,i3,3.32038514
0.625,u1,-332.57946599999997
0.625,i1,-0.9236120000000001
0.625,u2,0
0.625,i2,0
0.625,u3,3.787872
0.625,i3,-0.12930568
0.78125,u1,-329.351166
0.78125,i1,-3.2326420000000002
0.78125,u2,0
0.78125,i2,0
0.78125,u3,13.9893
0.78125,i3,-5.9665335200000005
0.9375,u1,-324.487194
0.9375,i1,-1.8472240000000002
0.9375,u2,0
0.9375,i2,0
0.9375,u3,-0.6671819999999999
0.9375,i3,0.51722272
1.09375,u1,-315.706218
1.09375,i1,-1.385418
1.09375,u2,0
1.09375,i2,0
1.09375,u3,1.764804
1.09375,i3,0.61882004
1.25,u1,-300.619296
1.25,i1,-4.156254000000001
1.25,u2,0
1.25,i2,0
1.25,u3,2.066112
1.25,i3,0.21243076
1.40625,u1,-284.757582
1.40625,i1,4.156254000000001
1.40625,u2,0
1.40625,i2,0
1.40625,u3,1.893936
1.40625,i3,0.18010434
1.5625,u1,-271.15567799999997
1.5625,i1,3.6944480000000004
1.5625,u2,0
1.5625,i2,0
1.5625,u3,1.7863259999999999
1.5625,i3,0.34173644000000003
1.71875,u1,-260.287068
1.71875,i1,-3.2326420000000002
1.71875,u2,0
1.71875,i2,0
1.71875,u3,3.185256
1.71875,i3,0.07388896
1.875,u1,-251.549136
1.875,i1,-0.46180600000000005
1.875,u2,0
1.875,i2,0
1.875,u3,-0.6671819999999999
1.875,i3,0.00461806
2.03125,u1,-243.30621
2.03125,i1,-4.61806
2.03125,u2,0
2.03125,i2,0
2.03125,u3,4.067658
2.03125,i3,0.79430632
2.1875,u1,-234.202404
2.1875,i1,1.385418
2.1875,u2,0
2.1875,i2,0
2.1875,u3,0.946968
2.1875,i3,-2.09198118
2.34375,u1,-224.194674
2.34375,i1,-5.541672
2.34375,u2,0
2.34375,i2,0
2.34375,u3,-15.689537999999999
2.34375,i3,-2.16125208
2.5,u1,-211.711914
2.5,i1,5.079866
2.5,u2,0
2.5,i2,0
2.5,u3,2.754816
2.5,i3,1.12680664
2.65625,u1,-195.63497999999998
2.65625,i1,7.850702000000001
2.65625,u2,0
2.65625,i2,0
2.65625,u3,1.9154579999999999
2.65625,i3,0.52645884
2.8125,u1,-177.534978
2.8125,i1,3.6944480000000004
2.8125,u2,0
2.8125,i2,0
2.8125,u3,4.4120099999999995
2.8125,i3,-0.28631972
2.96875,u1,-158.78931599999999
2.96875,i1,-1.385418
2.96875,u2,0
2.96875,i2,0
2.96875,u3,-7.016172
2.96875,i3,2.13816178
3.125,u1,-140.301918
3.125,i1,3.6944480000000004
3.125,u2,0
3.125,i2,0
3.125,u3,-10.287516
3.125,i3,2.84934302
3.28125,u1,-122.30952599999999
3.28125,i1,-4.61806
3.28125,u2,0
3.28125,i2,0
3.28125,u3,5.983116
3.28125,i3,-0.66038258
3.4375,u1,-104.403222
3.4375,i1,0
3.4375,u2,0
3.4375,i2,0
3.4375,u3,1.9154579999999999
3.4375,i3,0.14777792
3.59375,u1,-87.05649
3.59375,i1,-6.003478
3.59375,u2,0
3.59375,i2,0
3.59375,u3,2.8839479999999997
3.59375,i3,0.25861136
3.75,u1,-69.752802
3.75,i1,11.545150000000001
3.75,u2,0
3.75,i2,0
3.75,u3,0.10761
3.75,i3,0.24937524
3.90625,u1,-52.363026
3.90625,i1,-1.385418
3.90625,u2,0
3.90625,i2,0
3.90625,u3,3.077646
3.90625,i3,-0.17086822000000002
4.0625,u1,-35.40369
4.0625,i1,-2.30903
4.0625,u2,0
4.0625,i2,0
4.0625,u3,1.743282
4.0625,i3,0.64191034
4.21875,u1,-18.272178
4.21875,i1,-1.8472240000000002
4.21875,u2,0
4.21875,i2,0
4.21875,u3,-13.343639999999999
4.21875,i3,-1.1637511200000001
4.375,u1,0.946968
4.375,i1,7.850702000000001
4.375,u2,0
4.375,i2,0
4.375,u3,-0.516528
4.375,i3,-2.87705138
4.53125,u1,20.940906
4.53125,i1,-5.079866
4.53125,u2,0
4.53125,i2,0
4.53125,u3,4.08918
4.53125,i3,1.0390635000000001
4.6875,u1,41.171586
4.6875,i1,3.2326420000000002
4.6875,u2,0
4.6875,i2,0
4.6875,u3,0.688704
4.6875,i3,0.25399330000000003
4.84375,u1,58.64745
4.84375,i1,-6.003478
4.84375,u2,0
4.84375,i2,0
4.84375,u3,2.302854
4.84375,i3,0.22166688
5,u1,73.92806999999999
5,i1,-1.8472240000000002
5,u2,0
5,i2,0
5,u3,-5.186802
5,i3,0.19857658
5.15625,u1,88.003458
5.15625,i1,-4.156254000000001
5.15625,u2,0
5.15625,i2,0
5.15625,u3,-18.121524
5.15625,i3,0.22166688
5.3125,u1,101.885148
5.3125,i1,-1.385418
5.3125,u2,0
5.3125,i2,0
5.3125,u3,-5.875506
5.3125,i3,0.19857658
5.46875,u1,116.154234
5.46875,i1,-4.156254000000001
5.46875,u2,0
5.46875,i2,0
5.46875,u3,5.8109399999999996
5.46875,i3,0.22166688
5.625,u1,131.650074
5.625,i1,-1.385418
5.625,u2,0
5.625,i2,0
5.625,u3,2.518074
5.625,i3,0.19857658
5.78125,u1,147.4257
5.78125,i1,-2.30903
5.78125,u2,0
5.78125,i2,0
5.78125,u3,1.872414
5.78125,i3,0.21243076
5.9375,u1,163.222848
5.9375,i1,3.2326420000000002
5.9375,u2,0
5.9375,i2,0
5.9375,u3,1.140666
5.9375,i3,0.17548628
6.09375,u1,179.837832
6.09375,i1,1.385418
6.09375,u2,0
6.09375,i2,0
6.09375,u3,2.862426
6.09375,i3,0.27246554
6.25,u1,196.04389799999998
6.25,i1,2.30903
6.25,u2,0
6.25,i2,0
6.25,u3,-6.004638
6.25,i3,0.15239598000000001
6.40625,u1,211.152342
6.40625,i1,-0.9236120000000001
6.40625,u2,0
6.40625,i2,0
6.40625,u3,-8.544234
6.40625,i3,-0.00461806
6.5625,u1,224.43141599999998
6.5625,i1,-0.46180600000000005
6.5625,u2,0
6.5625,i2,0
6.5625,u3,4.756362
6.5625,i3,0.38329898
6.71875,u1,237.732012
6.71875,i1,1.8472240000000002
6.71875,u2,0
6.71875,i2,0
6.71875,u3,10.416648
6.71875,i3,-1.5378139800000001
6.875,u1,250.860432
6.875,i1,2.770836
6.875,u2,0
6.875,i2,0
6.875,u3,13.408206
6.875,i3,-2.2166688
7.03125,u1,263.386236
7.03125,i1,-1.385418
7.03125,u2,0
7.03125,i2,0
7.03125,u3,-1.312842
7.03125,i3,0.94208424
7.1875,u1,273.178746
7.1875,i1,-2.770836
7.1875,u2,0
7.1875,i2,0
7.1875,u3,1.872414
7.1875,i3,0.24013912
7.34375,u1,280.17339599999997
7.34375,i1,3.2326420000000002
7.34375,u2,0
7.34375,i2,0
7.34375,u3,2.04459
7.34375,i3,0.20319464
7.5,u1,288.050448
7.5,i1,-0.9236120000000001
7.5,u2,0
7.5,i2,0
7.5,u3,1.82937
7.5,i3,0.19857658
7.65625,u1,297.08968799999997
7.65625,i1,2.30903
7.65625,u2,0
7.65625,i2,0
7.65625,u3,2.216766
7.65625,i3,0.28170166
7.8125,u1,305.50479
7.8125,i1,1.8472240000000002
7.8125,u2,0
7.8125,i2,0
7.8125,u3,2.970036
7.8125,i3,-0.01385418
7.96875,u1,312.025956
7.96875,i1,0.46180600000000005
7.96875,u2,0
7.96875,i2,0
7.96875,u3,1.3343639999999999
7.96875,i3,0.3232642
8.125,u1,317.105148
8.125,i1,1.385418
8.125,u2,0
8.125,i2,0
8.125,u3,10.395126
8.125,i3,-0.22628494000000002
8.28125,u1,324.594804
8.28125,i1,-3.6944480000000004
8.28125,u2,0
8.28125,i2,0
8.28125,u3,12.69798
8.28125,i3,-2.25361328
8.4375,u1,330.212046
8.4375,i1,-8.774314
8.4375,u2,0
8.4375,i2,0
8.4375,u3,-1.0976219999999999
8.4375,i3,-0.84972304
8.59375,u1,331.180536
8.59375,i1,7.388896000000001
8.59375,u2,0
8.59375,i2,0
8.59375,u3,2.001546
8.59375,i3,0.692709
8.75,u1,333.526434
8.75,i1,-7.388896000000001
8.75,u2,0
8.75,i2,0
8.75,u3,2.6687279999999998
8.75,i3,0.0461806
8.90625,u1,335.63559
8.90625,i1,-5.079866
8.90625,u2,0
8.90625,i2,0
8.90625,u3,1.5495839999999999
8.90625,i3,0.3232642
9.0625,u1,336.71169
9.0625,i1,7.388896000000001
9.0625,u2,0
9.0625,i2,0
9.0625,u3,10.395126
9.0625,i3,-1.58861264
9.21875,u1,337.22821799999997
9.21875,i1,-1.8472240000000002
9.21875,u2,0
9.21875,i2,0
9.21875,u3,11.29905
9.21875,i3,-1.9626755
9.375,u1,337.658658
9.375,i1,-2.30903
9.375,u2,0
9.375,i2,0
9.375,u3,1.054578
9.375,i3,0.51722272
9.53125,u1,337.916922
9.53125,i1,0
9.53125,u2,0
9.53125,i2,0
9.53125,u3,-0.903924
9.53125,i3,0.28631972
9.6875,u1,338.04605399999997
9.6875,i1,1.8472240000000002
9.6875,u2,0
9.6875,i2,0
9.6875,u3,-2.345898
9.6875,i3,-1.2561123200000002
9.84375,u1,338.067576
9.84375,i1,7.388896000000001
9.84375,u2,0
9.84375,i2,0
9.84375,u3,15.194531999999999
9.84375,i3,-3.6251771
10,u1,337.873878
10,i1,0.46180600000000005
10,u2,0
10,i2,0
10,u3,13.300596
10,i3,-1.8010434000000002
10.15625,u1,337.78779
10.15625,i1,-3.6944480000000004
10.15625,u2,0
10.15625,i2,0
10.15625,u3,0.172176
10.15625,i3,0.53569496
10.3125,u1,337.22821799999997
10.3125,i1,-1.8472240000000002
10.3125,u2,0
10.3125,i2,0
10.3125,u3,0.624138
10.3125,i3,0.51722272
10.46875,u1,336.797778
10.46875,i1,0
10.46875,u2,0
10.46875,i2,0
10.46875,u3,1.377408
10.46875,i3,-1.5609042800000001
10.625,u1,335.183628
10.625,i1,2.30903
10.625,u2,0
10.625,i2,0
10.625,u3,2.345898
10.625,i3,-1.8934046
10.78125,u1,331.051404
10.78125,i1,4.61806
10.78125,u2,0
10.78125,i2,0
10.78125,u3,-7.1883479999999995
10.78125,i3,0.6234381
10.9375,u1,325.283508
10.9375,i1,-1.385418
10.9375,u2,0
10.9375,i2,0
10.9375,u3,-7.339002
10.9375,i3,0.35097256
11.09375,u1,314.178156
11.09375,i1,-3.2326420000000002
11.09375,u2,0
11.09375,i2,0
11.09375,u3,3.744828
11.09375,i3,0.23552106
11.25,u1,298.273398
11.25,i1,-1.8472240000000002
11.25,u2,0
11.25,i2,0
11.25,u3,2.1952439999999998
11.25,i3,0.23552106
11.40625,u1,283.487784
11.40625,i1,-1.8472240000000002
11.40625,u2,0
11.40625,i2,0
11.40625,u3,2.302854
11.40625,i3,0.23552106
11.5625,u1,270.768282
11.5625,i1,-2.770836
11.5625,u2,0
11.5625,i2,0
11.5625,u3,1.18371
11.5625,i3,0.23552106
11.71875,u1,259.512276
11.71875,i1,0.9236120000000001
11.71875,u2,0
11.71875,i2,0
11.71875,u3,1.528062
11.71875,i3,0.23552106
11.875,u1,250.75282199999998
11.875,i1,0
11.875,u2,0
11.875,i2,0
11.875,u3,2.36742
11.875,i3,0.23090300000000002
12.03125,u1,242.682072
12.03125,i1,-2.770836
12.03125,u2,0
12.03125,i2,0
12.03125,u3,-7.597265999999999
12.03125,i3,0.19857658
12.1875,u1,234.223926
12.1875,i1,0
12.1875,u2,0
12.1875,i2,0
12.1875,u3,-6.800952
12.1875,i3,0.3463545
12.34375,u1,224.25924
12.34375,i1,0.9236120000000001
12.34375,u2,0
12.34375,i2,0
12.34375,u3,3.400476
12.34375,i3,0.06003478
12.5,u1,211.88409
12.5,i1,-1.385418
12.5,u2,0
12.5,i2,0
12.5,u3,2.410464
12.5,i3,0.18934046000000002
12.65625,u1,195.8502
12.65625,i1,-0.46180600000000005
12.65625,u2,0
12.65625,i2,0
12.65625,u3,1.872414
12.65625,i3,0.36482674000000004
12.8125,u1,176.631054
12.8125,i1,5.079866
12.8125,u2,0
12.8125,i2,0
12.8125,u3,1.72176
12.8125,i3,-1.8934046
12.96875,u1,157.43343
12.96875,i1,-2.770836
12.96875,u2,0
12.96875,i2,0
12.96875,u3,2.109156
12.96875,i3,-1.5147236800000001
13.125,u1,138.58015799999998
13.125,i1,-6.003478
13.125,u2,0
13.125,i2,0
13.125,u3,1.7863259999999999
13.125,i3,0.54031302
13.28125,u1,120.39406799999999
13.28125,i1,-3.6944480000000004
13.28125,u2,0
13.28125,i2,0
13.28125,u3,0.990012
13.28125,i3,0.35097256
13.4375,u1,102.380154
13.4375,i1,3.6944480000000004
13.4375,u2,0
13.4375,i2,0
13.4375,u3,2.9054699999999998
13.4375,i3,0.24013912
13.59375,u1,85.44234
13.59375,i1,-1.385418
13.59375,u2,0
13.59375,i2,0
13.59375,u3,-3.163734
13.59375,i3,0.30479196000000003
13.75,u1,68.11713
13.75,i1,4.156254000000001
13.75,u2,0
13.75,i2,0
13.75,u3,-8.544234
13.75,i3,0.11083344
13.90625,u1,49.801908
13.90625,i1,1.8472240000000002
13.90625,u2,0
13.90625,i2,0
13.90625,u3,-1.119144
13.90625,i3,0.34173644000000003
14.0625,u1,31.572774
14.0625,i1,-0.9236120000000001
14.0625,u2,0
14.0625,i2,0
14.0625,u3,2.453508
14.0625,i3,0.54493108
14.21875,u1,13.365162
14.21875,i1,-6.003478
14.21875,u2,0
14.21875,i2,0
14.21875,u3,3.185256
14.21875,i3,-0.17086822000000002
14.375,u1,-6.413556
14.375,i1,0.9236120000000001
14.375,u2,0
14.375,i2,0
14.375,u3,-8.544234
14.375,i3,2.66000256
14.53125,u1,-25.890966
14.53125,i1,0
14.53125,u2,0
14.53125,i2,0
14.53125,u3,-18.444354
14.53125,i3,4.5949697
14.6875,u1,-44.485974
14.6875,i1,0
14.6875,u2,0
14.6875,i2,0
14.6875,u3,-2.733294
14.6875,i3,1.0621538000000001
14.84375,u1,-60.240078
14.84375,i1,-2.770836
14.84375,u2,0
14.84375,i2,0
14.84375,u3,12.246018
14.84375,i3,-0.38329898
15,u1,-74.745906
15,i1,-2.30903
15,u2,0
15,i2,0
15,u3,10.954698
15,i3,0.22628494000000002
15.15625,u1,-89.01499199999999
15.15625,i1,-1.8472240000000002
15.15625,u2,0
15.15625,i2,0
15.15625,u3,3.1206899999999997
15.15625,i3,0.14315986
15.3125,u1,-103.219512
15.3125,i1,-2.30903
15.3125,u2,0
15.3125,i2,0
15.3125,u3,-10.222949999999999
15.3125,i3,0.0461806
15.46875,u1,-118.069692
15.46875,i1,-2.30903
15.46875,u2,0
15.46875,i2,0
15.46875,u3,-4.3904879999999995
15.46875,i3,0.35097256
15.625,u1,-134.125104
15.625,i1,0.9236120000000001
15.625,u2,0
15.625,i2,0
15.625,u3,0.946968
15.625,i3,0.3232642
15.78125,u1,-149.943774
15.78125,i1,-0.46180600000000005
15.78125,u2,0
15.78125,i2,0
15.78125,u3,0.903924
15.78125,i3,0.23090300000000002
15.9375,u1,-165.39657
15.9375,i1,-0.46180600000000005
15.9375,u2,0
15.9375,i2,0
15.9375,u3,5.509632
15.9375,i3,-0.0692709
16.09375,u1,-180.849366
16.09375,i1,2.770836
16.09375,u2,0
16.09375,i2,0
16.09375,u3,-20.575032
16.09375,i3,0.49413242
16.25,u1,-196.71107999999998
16.25,i1,1.385418
16.25,u2,0
16.25,i2,0
16.25,u3,-26.967066
16.25,i3,-0.67423676
16.40625,u1,-211.13082
16.40625,i1,1.8472240000000002
16.40625,u2,0
16.40625,i2,0
16.40625,u3,0.688704
16.40625,i3,-2.61844002
16.5625,u1,-225.44295
16.5625,i1,1.8472240000000002
16.5625,u2,0
16.5625,i2,0
16.5625,u3,4.562664
16.5625,i3,0.22628494000000002
16.71875,u1,-239.518338
16.71875,i1,-1.385418
16.71875,u2,0
16.71875,i2,0
16.71875,u3,2.8839479999999997
16.71875,i3,0.1847224
16.875,u1,-252.25936199999998
16.875,i1,0
16.875,u2,0
16.875,i2,0
16.875,u3,1.571106
16.875,i3,0.00923612
17.03125,u1,-264.33320399999997
17.03125,i1,-0.46180600000000005
17.03125,u2,0
17.03125,i2,0
17.03125,u3,1.312842
17.03125,i3,0.79430632
17.1875,u1,-273.75984
17.1875,i1,-2.30903
17.1875,u2,0
17.1875,i2,0
17.1875,u3,12.138408
17.1875,i3,-4.10545534
17.34375,u1,-279.549258
17.34375,i1,-2.770836
17.34375,u2,0
17.34375,i2,0
17.34375,u3,10.11534
17.34375,i3,-5.22302586
17.5,u1,-287.81370599999997
17.5,i1,-2.30903
17.5,u2,0
17.5,i2,0
17.5,u3,-1.958502
17.5,i3,-1.02059126
17.65625,u1,-297.606216
17.65625,i1,1.385418
17.65625,u2,0
17.65625,i2,0
17.65625,u3,-12.827112
17.65625,i3,0.6465284
17.8125,u1,-306.08588399999996
17.8125,i1,-5.541672
17.8125,u2,0
17.8125,i2,0
17.8125,u3,1.162188
17.8125,i3,0.21704882
17.96875,u1,-312.069
17.96875,i1,-4.61806
17.96875,u2,0
17.96875,i2,0
17.96875,u3,3.206778
17.96875,i3,0.21704882
18.125,u1,-318.31038
18.125,i1,1.385418
18.125,u2,0
18.125,i2,0
18.125,u3,1.980024
18.125,i3,0.27246554
18.28125,u1,-323.69088
18.28125,i1,0.46180600000000005
18.28125,u2,0
18.28125,i2,0
18.28125,u3,1.140666
18.28125,i3,0.33250032
18.4375,u1,-324.853068
18.4375,i1,-3.6944480000000004
18.4375,u2,0
18.4375,i2,0
18.4375,u3,4.3689659999999995
18.4375,i3,-0.14777792
18.59375,u1,-327.198966
18.59375,i1,-3.2326420000000002
18.59375,u2,0
18.59375,i2,0
18.59375,u3,-0.516528
18.59375,i3,0.61420198
18.75,u1,-330.169002
18.75,i1,-5.079866
18.75,u2,0
18.75,i2,0
18.75,u3,4.347444
18.75,i3,-0.48027824
18.90625,u1,-332.644032
18.90625,i1,-4.61806
18.90625,u2,0
18.90625,i2,0
18.90625,u3,18.93936
18.90625,i3,-2.96941258
19.0625,u1,-333.65556599999996
19.0625,i1,7.388896000000001
19.0625,u2,0
19.0625,i2,0
19.0625,u3,-7.704876
19.0625,i3,0.35559062
19.21875,u1,-334.258182
19.21875,i1,-1.8472240000000002
19.21875,u2,0
19.21875,i2,0
19.21875,u3,-9.727943999999999
19.21875,i3,0.44795182
19.375,u1,-334.817754
19.375,i1,-0.46180600000000005
19.375,u2,0
19.375,i2,0
19.375,u3,3.744828
19.375,i3,0.29093778000000003
19.53125,u1,-334.817754
19.53125,i1,0
19.53125,u2,0
19.53125,i2,0
19.53125,u3,2.281332
19.53125,i3,0.24013912
19.6875,u1,-334.710144
19.6875,i1,-0.9236120000000001
19.6875,u2,0
19.6875,i2,0
19.6875,u3,2.6472059999999997
19.6875,i3,0.0692709
19.84375,u1,-334.710144
19.84375,i1,0.46180600000000005
19.84375,u2,0
19.84375,i2,0
19.84375,u3,-0.473484
19.84375,i3,0.7157993
20,u1,-334.688622
20,i1,-0.46180600000000005
20,u2,0
20,i2,0
20,u3,4.003092
20,i3,-0.18010434
20.15625,u1,-334.516446
20.15625,i1,-2.30903
20.15625,u2,0
20.15625,i2,0
20.15625,u3,-0.408918
20.15625,i3,0.6557645200000001
20.3125,u1,-334.301226
20.3125,i1,0
20.3125,u2,0
20.3125,i2,0
20.3125,u3,-14.613438
20.3125,i3,3.8237536800000003
20.46875,u1,-333.849264
20.46875,i1,-0.9236120000000001
20.46875,u2,0
20.46875,i2,0
20.46875,u3,2.819382
20.46875,i3,0.07388896
20.625,u1,-332.471856
20.625,i1,6.003478
20.625,u2,0
20.625,i2,0
20.625,u3,3.2283
20.625,i3,-0.51722272
20.78125,u1,-329.265078
20.78125,i1,-1.8472240000000002
20.78125,u2,0
20.78125,i2,0
20.78125,u3,1.700238
20.78125,i3,1.04829962
20.9375,u1,-324.37958399999997
20.9375,i1,-3.2326420000000002
20.9375,u2,0
20.9375,i2,0
20.9375,u3,0.602616
20.9375,i3,-1.3807999400000002
21.09375,u1,-315.254256
21.09375,i1,0.46180600000000005
21.09375,u2,0
21.09375,i2,0
21.09375,u3,4.3904879999999995
21.09375,i3,-3.03406542
21.25,u1,-300.490164
21.25,i1,-1.8472240000000002
21.25,u2,0
21.25,i2,0
21.25,u3,-7.080738
21.25,i3,2.6877109200000002
21.40625,u1,-284.477796
21.40625,i1,-5.079866
21.40625,u2,0
21.40625,i2,0
21.40625,u3,-10.373604
21.40625,i3,-0.79892438
21.5625,u1,-270.983502
21.5625,i1,-4.61806
21.5625,u2,0
21.5625,i2,0
21.5625,u3,5.552676
21.5625,i3,-0.40177122000000004
21.71875,u1,-259.792062
21.71875,i1,1.8472240000000002
21.71875,u2,0
21.71875,i2,0
21.71875,u3,2.173722
21.71875,i3,0.42947958
21.875,u1,-250.860432
21.875,i1,-0.46180600000000005
21.875,u2,0
21.875,i2,0
21.875,u3,2.109156
21.875,i3,0.22166688
22.03125,u1,-241.88575799999998
22.03125,i1,-0.46180600000000005
22.03125,u2,0
22.03125,i2,0
22.03125,u3,1.50654
22.03125,i3,0.30941002
22.1875,u1,-233.29847999999998
22.1875,i1,2.770836
22.1875,u2,0
22.1875,i2,0
22.1875,u3,2.109156
22.1875,i3,0.20781270000000002
22.34375,u1,-224.25924
22.34375,i1,-0.46180600000000005
22.34375,u2,0
22.34375,i2,0
22.34375,u3,2.8839479999999997
22.34375,i3,-0.07388896
22.5,u1,-212.31453
22.5,i1,-3.2326420000000002
22.5,u2,0
22.5,i2,0
22.5,u3,0.624138
22.5,i3,0.71118124
22.65625,u1,-196.28064
22.65625,i1,-1.8472240000000002
22.65625,u2,0
22.65625,i2,0
22.65625,u3,8.6088
22.65625,i3,-1.4546889
22.8125,u1,-177.190626
22.8125,i1,0.46180600000000005
22.8125,u2,0
22.8125,i2,0
22.8125,u3,13.838645999999999
22.8125,i3,-2.6322942
22.96875,u1,-157.605606
22.96875,i1,-1.385418
22.96875,u2,0
22.96875,i2,0
22.96875,u3,2.1522
22.96875,i3,0.78968826
23.125,u1,-138.644724
23.125,i1,6.4652840000000005
23.125,u2,0
23.125,i2,0
23.125,u3,-24.492036
23.125,i3,2.01347416
23.28125,u1,-120.30798
23.28125,i1,1.8472240000000002
23.28125,u2,0
23.28125,i2,0
23.28125,u3,-11.794056
23.28125,i3,-1.17298724
23.4375,u1,-103.241034
23.4375,i1,2.30903
23.4375,u2,0
23.4375,i2,0
23.4375,u3,6.56421
23.4375,i3,0.06465284
23.59375,u1,-86.884314
23.59375,i1,3.6944480000000004
23.59375,u2,0
23.59375,i2,0
23.59375,u3,-11.29905
23.59375,i3,3.29729484
23.75,u1,-70.936512
23.75,i1,-4.156254000000001
23.75,u2,0
23.75,i2,0
23.75,u3,15.409752
23.75,i3,-2.68309286
23.90625,u1,-53.309993999999996
23.90625,i1,5.079866
23.90625,u2,0
23.90625,i2,0
23.90625,u3,2.604162
23.90625,i3,0.01385418
24.0625,u1,-35.575866
24.0625,i1,0.9236120000000001
24.0625,u2,0
24.0625,i2,0
24.0625,u3,1.850892
24.0625,i3,0.44795182
24.21875,u1,-16.980858
24.21875,i1,6.4652840000000005
24.21875,u2,0
24.21875,i2,0
24.21875,u3,-0.344352
24.21875,i3,0.26784748
24.375,u1,3.056124
24.375,i1,0.46180600000000005
24.375,u2,0
24.375,i2,0
24.375,u3,2.345898
24.375,i3,0.41100734
24.53125,u1,23.286804
24.53125,i1,1.8472240000000002
24.53125,u2,0
24.53125,i2,0
24.53125,u3,1.39893
24.53125,i3,0.25399330000000003
24.6875,u1,42.053988
24.6875,i1,-3.2326420000000002
24.6875,u2,0
24.6875,i2,0
24.6875,u3,-21.651132
24.6875,i3,1.56552234
24.84375,u1,58.690494
24.84375,i1,0
24.84375,u2,0
24.84375,i2,0
24.84375,u3,-13.881689999999999
24.84375,i3,3.4635450000000003
25,u1,73.368498
25,i1,1.8472240000000002
25,u2,0
25,i2,0
25,u3,-7.920096
25,i3,0.82201468
25.15625,u1,87.637584
25.15625,i1,6.92709
25.15625,u2,0
25.15625,i2,0
25.15625,u3,-11.858622
25.15625,i3,-2.2166688
25.3125,u1,102.078846
25.3125,i1,3.2326420000000002
25.3125,u2,0
25.3125,i2,0
25.3125,u3,-2.281332
25.3125,i3,1.01135514
25.46875,u1,117.2949
25.46875,i1,0
25.46875,u2,0
25.46875,i2,0
25.46875,u3,4.584186
25.46875,i3,0.23090300000000002
25.625,u1,133.092048
25.625,i1,1.8472240000000002
25.625,u2,0
25.625,i2,0
25.625,u3,-4.282878
25.625,i3,1.6070848800000002
25.78125,u1,148.867674
25.78125,i1,1.8472240000000002
25.78125,u2,0
25.78125,i2,0
25.78125,u3,-18.035436
25.78125,i3,4.49337238
25.9375,u1,164.298948
25.9375,i1,-3.6944480000000004
25.9375,u2,0
25.9375,i2,0
25.9375,u3,-6.908562
25.9375,i3,2.1243076000000003
26.09375,u1,180.332838
26.09375,i1,-1.8472240000000002
26.09375,u2,0
26.09375,i2,0
26.09375,u3,5.7894179999999995
26.09375,i3,-0.6003478
26.25,u1,196.517382
26.25,i1,-1.8472240000000002
26.25,u2,0
26.25,i2,0
26.25,u3,2.173722
26.25,i3,0.17086822000000002
26.40625,u1,211.798002
26.40625,i1,-2.770836
26.40625,u2,0
26.40625,i2,0
26.40625,u3,2.04459
26.40625,i3,0.19857658
26.5625,u1,225.163164
26.5625,i1,-0.9236120000000001
26.5625,u2,0
26.5625,i2,0
26.5625,u3,1.7863259999999999
26.5625,i3,0.22166688
26.71875,u1,239.238552
26.71875,i1,-2.770836
26.71875,u2,0
26.71875,i2,0
26.71875,u3,2.173722
26.71875,i3,0.19395852000000002
26.875,u1,252.23784
26.875,i1,-2.30903
26.875,u2,0
26.875,i2,0
26.875,u3,2.25981
26.875,i3,0.22166688
27.03125,u1,263.945808
27.03125,i1,5.541672
27.03125,u2,0
27.03125,i2,0
27.03125,u3,0.38739599999999996
27.03125,i3,0.16625016
27.1875,u1,272.834394
27.1875,i1,3.6944480000000004
27.1875,u2,0
27.1875,i2,0
27.1875,u3,3.077646
27.1875,i3,0.26322942
27.34375,u1,279.097296
27.34375,i1,5.541672
27.34375,u2,0
27.34375,i2,0
27.34375,u3,-4.175268
27.34375,i3,0.20781270000000002
27.5,u1,287.835228
27.5,i1,4.156254000000001
27.5,u2,0
27.5,i2,0
27.5,u3,-15.17301
27.5,i3,-0.08312508
27.65625,u1,297.32643
27.65625,i1,1.8472240000000002
27.65625,u2,0
27.65625,i2,0
27.65625,u3,-1.528062
27.65625,i3,0.49875048
27.8125,u1,306.301104
27.8125,i1,2.30903
27.8125,u2,0
27.8125,i2,0
27.8125,u3,10.97622
27.8125,i3,-1.16836918
27.96875,u1,312.82227
27.96875,i1,4.156254000000001
27.96875,u2,0
27.96875,i2,0
27.96875,u3,13.45125
27.96875,i3,-2.43371762
28.125,u1,318.09515999999996
28.125,i1,-5.541672
28.125,u2,0
28.125,i2,0
28.125,u3,-0.32283
28.125,i3,0.7850702
28.28125,u1,325.369596
28.28125,i1,9.23612
28.28125,u2,0
28.28125,i2,0
28.28125,u3,0.258264
28.28125,i3,0.22166688
28.4375,u1,330.38422199999997
28.4375,i1,0.46180600000000005
28.4375,u2,0
28.4375,i2,0
28.4375,u3,-15.904758
28.4375,i3,1.9026407200000002
28.59375,u1,331.094448
28.59375,i1,-2.30903
28.59375,u2,0
28.59375,i2,0
28.59375,u3,-17.820216
28.59375,i3,3.0294473600000003
28.75,u1,333.784698
28.75,i1,3.2326420000000002
28.75,u2,0
28.75,i2,0
28.75,u3,-15.81867
28.75,i3,2.5768774800000003
28.90625,u1,335.549502
28.90625,i1,1.385418
28.90625,u2,0
28.90625,i2,0
28.90625,u3,-29.011656
28.90625,i3,4.73812956
29.0625,u1,336.474948
29.0625,i1,-3.2326420000000002
29.0625,u2,0
29.0625,i2,0
29.0625,u3,-8.802498
29.0625,i3,2.68309286
29.21875,u1,337.185174
29.21875,i1,1.8472240000000002
29.21875,u2,0
29.21875,i2,0
29.21875,u3,2.733294
29.21875,i3,0.41562540000000003
29.375,u1,337.551048
29.375,i1,2.770836
29.375,u2,0
29.375,i2,0
29.375,u3,-4.691796
29.375,i3,-0.98826484
29.53125,u1,338.089098
29.53125,i1,2.30903
29.53125,u2,0
29.53125,i2,0
29.53125,u3,-7.726398
29.53125,i3,-2.25823134
29.6875,u1,338.21823
29.6875,i1,-7.388896000000001
29.6875,u2,0
29.6875,i2,0
29.6875,u3,4.455054
29.6875,i3,-0.5587852600000001
29.84375,u1,338.239752
29.84375,i1,4.156254000000001
29.84375,u2,0
29.84375,i2,0
29.84375,u3,2.6687279999999998
29.84375,i3,0.6234381
30,u1,338.067576
30,i1,2.30903
30,u2,0
30,i2,-0.01385418
30,u3,1.9154579999999999
30,i3,0.15239598000000001
30.15625,u1,337.701702
30.15625,i1,-0.9236120000000001
30.15625,u2,0
30.15625,i2,-0.01847224
30.15625,u3,2.216766
30.15625,i3,0.26784748
30.3125,u1,337.22821799999997
30.3125,i1,-0.9236120000000001
30.3125,u2,0
30.3125,i2,0.05079866
30.3125,u3,2.991558
30.3125,i3,0.0461806
30.46875,u1,336.754734
30.46875,i1,2.30903
30.46875,u2,0
30.46875,i2,-0.09697926000000001
30.46875,u3,1.140666
30.46875,i3,0.0923612
30.625,u1,335.31275999999997
30.625,i1,1.8472240000000002
30.625,u2,0
30.625,i2,-0.13392374
30.625,u3,6.7148639999999995
30.625,i3,0.29555584
30.78125,u1,331.20205799999997
30.78125,i1,-0.9236120000000001
30.78125,u2,0
30.78125,i2,0.00923612
30.78125,u3,12.999288
30.78125,i3,-1.79642534
30.9375,u1,325.391118
30.9375,i1,-0.46180600000000005
30.9375,u2,0
30.9375,i2,-1.99500192
30.9375,u3,4.885494
30.9375,i3,-1.72715444
31.09375,u1,313.941414
31.09375,i1,0
31.09375,u2,0
31.09375,i2,-2.0550367
31.09375,u3,0.258264
31.09375,i3,0.54493108
31.25,u1,297.36947399999997
31.25,i1,-0.46180600000000005
31.25,u2,0
31.25,i2,0.66038258
31.25,u3,2.001546
31.25,i3,0.29093778000000003
31.40625,u1,282.88516799999996
31.40625,i1,-2.770836
31.40625,u2,0
31.40625,i2,0.03232642
31.40625,u3,2.173722
31.40625,i3,0.14777792
31.5625,u1,270.380886
31.5625,i1,-1.8472240000000002
31.5625,u2,0
31.5625,i2,0
31.5625,u3,2.001546
31.5625,i3,0.24013912
31.71875,u1,259.404666
31.71875,i1,-4.61806
31.71875,u2,0
31.71875,i2,0
31.71875,u3,2.04459
31.71875,i3,0.14777792
31.875,u1,250.49455799999998
31.875,i1,-1.8472240000000002
31.875,u2,0
31.875,i2,0
31.875,u3,2.04459
31.875,i3,0.00923612
32.03125,u1,242.144022
32.03125,i1,2.30903
32.03125,u2,0
32.03125,i2,0
32.03125,u3,2.04459
32.03125,i3,0.35559062
32.1875,u1,233.061738
32.1875,i1,6.003478
32.1875,u2,0
32.1875,i2,0
32.1875,u3,2.04459
32.1875,i3,-0.78968826
32.34375,u1,223.376838
32.34375,i1,-2.30903
32.34375,u2,0
32.34375,i2,0
32.34375,u3,2.04459
32.34375,i3,-2.23052298
32.5,u1,211.23843
32.5,i1,-3.2326420000000002
32.5,u2,0
32.5,i2,0
32.5,u3,2.04459
32.5,i3,-0.46642406000000003
32.65625,u1,195.462804
32.65625,i1,6.003478
32.65625,u2,0
32.65625,i2,0
32.65625,u3,2.04459
32.65625,i3,0.84048692
32.8125,u1,176.93236199999998
32.8125,i1,2.30903
32.8125,u2,0
32.8125,i2,0
32.8125,u3,2.04459
32.8125,i3,-1.5516681600000002
32.96875,u1,157.239732
32.96875,i1,6.92709
32.96875,u2,0
32.96875,i2,0
32.96875,u3,2.04459
32.96875,i3,-1.7779531000000002
33.125,u1,137.977542
33.125,i1,4.156254000000001
33.125,u2,0
33.125,i2,0
33.125,u3,2.04459
33.125,i3,-0.0461806
33.28125,u1,118.995138
33.28125,i1,1.8472240000000002
33.28125,u2,0
33.28125,i2,0
33.28125,u3,2.04459
33.28125,i3,0.40638928
33.4375,u1,100.227954
33.4375,i1,-1.385418
33.4375,u2,0
33.4375,i2,0
33.4375,u3,2.04459
33.4375,i3,0.01385418
33.59375,u1,83.656014
33.59375,i1,-8.312508000000001
33.59375,u2,0
33.59375,i2,0
33.59375,u3,2.04459
33.59375,i3,-1.69020996
33.75,u1,66.97646399999999
33.75,i1,4.61806
33.75,u2,0
33.75,i2,0
33.75,u3,2.04459
33.75,i3,-3.3480935
33.90625,u1,49.522121999999996
33.90625,i1,-1.385418
33.90625,u2,0
33.90625,i2,0
33.90625,u3,2.066112
33.90625,i3,-3.6528854600000003
34.0625,u1,31.895604
34.0625,i1,2.770836
34.0625,u2,0
34.0625,i2,0
34.0625,u3,2.023068
34.0625,i3,-1.6394113000000001
34.21875,u1,13.472771999999999
34.21875,i1,-3.2326420000000002
34.21875,u2,0
34.21875,i2,0
34.21875,u3,2.087634
34.21875,i3,-1.9395852
34.375,u1,-7.10226
34.375,i1,-4.61806
34.375,u2,0
34.375,i2,0
34.375,u3,2.023068
34.375,i3,-0.51260466
34.53125,u1,-27.419028
34.53125,i1,-4.156254000000001
34.53125,u2,0
34.53125,i2,0
34.53125,u3,2.04459
34.53125,i3,0.6003478
34.6875,u1,-46.509042
34.6875,i1,0.46180600000000005
34.6875,u2,0
34.6875,i2,0
34.6875,u3,1.980024
34.6875,i3,0.24013912
34.84375,u1,-61.746618
34.84375,i1,2.770836
34.84375,u2,0
34.84375,i2,0
34.84375,u3,1.485018
34.84375,i3,0.31864614
35,u1,-75.391566
35,i1,1.8472240000000002
35,u2,0
35,i2,0
35,u3,3.917004
35,i3,-0.08774314
35.15625,u1,-89.187168
35.15625,i1,-3.6944480000000004
35.15625,u2,0
35.15625,i2,0
35.15625,u3,-0.559572
35.15625,i3,0.44795182
35.3125,u1,-103.284078
35.3125,i1,0.46180600000000005
35.3125,u2,0
35.3125,i2,0
35.3125,u3,5.423544
35.3125,i3,-0.26322942
35.46875,u1,-118.56469799999999
35.46875,i1,-0.46180600000000005
35.46875,u2,0
35.46875,i2,0
35.46875,u3,11.923188
35.46875,i3,-2.53531494
35.625,u1,-135.136638
35.625,i1,0.46180600000000005
35.625,u2,0
35.625,i2,0
35.625,u3,-8.135316
35.625,i3,-0.36020868
35.78125,u1,-151.127484
35.78125,i1,-0.9236120000000001
35.78125,u2,0
35.78125,i2,0
35.78125,u3,-1.764804
35.78125,i3,0.54954914
35.9375,u1,-166.730934
35.9375,i1,1.8472240000000002
35.9375,u2,0
35.9375,i2,0
35.9375,u3,3.400476
35.9375,i3,0.24937524
36.09375,u1,-182.054598
36.09375,i1,5.079866
36.09375,u2,0
36.09375,i2,0
36.09375,u3,2.04459
36.09375,i3,0.24013912
36.25,u1,-197.442828
36.25,i1,-0.9236120000000001
36.25,u2,0
36.25,i2,0
36.25,u3,1.850892
36.25,i3,0.23552106
36.40625,u1,-211.56126
36.40625,i1,-4.156254000000001
36.40625,u2,0
36.40625,i2,0
36.40625,u3,1.61415
36.40625,i3,0.24937524
36.5625,u1,-225.830346
36.5625,i1,3.6944480000000004
36.5625,u2,0
36.5625,i2,0
36.5625,u3,3.421998
36.5625,i3,0.08774314
36.71875,u1,-240.18552
36.71875,i1,5.541672
36.71875,u2,0
36.71875,i2,0
36.71875,u3,-1.18371
36.71875,i3,0.61882004
36.875,u1,-253.787424
36.875,i1,3.6944480000000004
36.875,u2,0
36.875,i2,0
36.875,u3,3.508086
36.875,i3,-0.0692709
37.03125,u1,-265.603002
37.03125,i1,1.8472240000000002
37.03125,u2,0
37.03125,i2,0
37.03125,u3,0.688704
37.03125,i3,0.7296534800000001
37.1875,u1,-273.953538
37.1875,i1,-9.23612
37.1875,u2,0
37.1875,i2,0
37.1875,u3,-22.985495999999998
37.1875,i3,3.1633711
37.34375,u1,-279.592302
37.34375,i1,-1.385418
37.34375,u2,0
37.34375,i2,0
37.34375,u3,-9.060762
37.34375,i3,0.84510498
37.5,u1,-288.007404
37.5,i1,1.8472240000000002
37.5,u2,0
37.5,i2,0
37.5,u3,6.521166
37.5,i3,-0.44795182
37.65625,u1,-297.498606
37.65625,i1,-1.8472240000000002
37.65625,u2,0
37.65625,i2,0
37.65625,u3,-0.365874
37.65625,i3,1.0852441000000002
37.8125,u1,-306.322626
37.8125,i1,-0.46180600000000005
37.8125,u2,0
37.8125,i2,0
37.8125,u3,-24.405948
37.8125,i3,3.1356627400000003
37.96875,u1,-312.434874
37.96875,i1,-2.770836
37.96875,u2,0
37.96875,i2,0
37.96875,u3,-3.271344
37.96875,i3,0.21704882
38.125,u1,-318.805386
38.125,i1,-3.2326420000000002
38.125,u2,0
38.125,i2,0
38.125,u3,-3.529608
38.125,i3,0.00923612
38.28125,u1,-324.12131999999997
38.28125,i1,4.156254000000001
38.28125,u2,0
38.28125,i2,0
38.28125,u3,-6.930084
38.28125,i3,0.08312508
38.4375,u1,-325.025244
38.4375,i1,-14.777792000000002
38.4375,u2,0
38.4375,i2,0
38.4375,u3,-5.036148
38.4375,i3,0.3463545
38.59375,u1,-327.56484
38.59375,i1,6.003478
38.59375,u2,0
38.59375,i2,0
38.59375,u3,-9.727943999999999
38.59375,i3,0.38329898
38.75,u1,-330.427266
38.75,i1,-0.9236120000000001
38.75,u2,0
38.75,i2,0
38.75,u3,5.2944119999999995
38.75,i3,-0.26322942
38.90625,u1,-332.751642
38.90625,i1,4.61806
38.90625,u2,0
38.90625,i2,0
38.90625,u3,-6.13377
38.90625,i3,2.19819656
39.0625,u1,-333.80622
39.0625,i1,1.8472240000000002
39.0625,u2,0
39.0625,i2,0
39.0625,u3,-7.683354
39.0625,i3,2.3598286600000002
39.21875,u1,-334.602534
39.21875,i1,0.46180600000000005
39.21875,u2,0
39.21875,i2,0
39.21875,u3,2.776338
39.21875,i3,0.05541672
39.375,u1,-334.839276
39.375,i1,-0.46180600000000005
39.375,u2,0
39.375,i2,0
39.375,u3,7.080738
39.375,i3,-0.42486152
39.53125,u1,-334.731666
39.53125,i1,2.770836
39.53125,u2,0
39.53125,i2,0
39.53125,u3,7.360524
39.53125,i3,0.61420198
39.6875,u1,-334.860798
39.6875,i1,-3.6944480000000004
39.6875,u2,0
39.6875,i2,0
39.6875,u3,2.109156
39.6875,i3,-0.1616321
39.84375,u1,-334.796232
39.84375,i1,2.770836
39.84375,u2,-0.021522
39.84375,i2,0
39.84375,u3,-0.602616
39.84375,i3,-2.72927346
